"asin","title","imgUrl","productURL","stars","reviews","price","isBestSeller","boughtInLastMonth","categoryName"
"B09B96TG33","Echo Dot (5th generation, 2022 release) | Big vibrant sound Wi-Fi and Bluetooth smart speaker with Alexa | Charcoal","https://m.media-amazon.com/images/I/71C3lbbeLsL._AC_UL320_.jpg","https://www.amazon.co.uk/dp/B09B96TG33","4.7","15308","21.99","False","0","Hi-Fi Speakers"
"B01HTH3C8S","Anker Soundcore mini, Super-Portable Bluetooth Speaker with 15-Hour Playtime, 66-Foot Bluetooth Range, Wireless Speaker with Enhanced Bass, Noise-Cancelling Microphone, for Outdoor, Travel, Home","https://m.media-amazon.com/images/I/61c5rSxwP0L._AC_UL320_.jpg","https://www.amazon.co.uk/dp/B01HTH3C8S","4.7","98099","23.99","True","0","Hi-Fi Speakers"
"B09B8YWXDF","Echo Dot (5th generation, 2022 release) | Big vibrant sound Wi-Fi and Bluetooth smart speaker with Alexa | Deep Sea Blue","https://m.media-amazon.com/images/I/61j3SEUjMJL._AC_UL320_.jpg","https://www.amazon.co.uk/dp/B09B8YWXDF","4.7","15308","21.99","False","0","Hi-Fi Speakers"
"B09B8T5VGV","Echo Dot with clock (5th generation, 2022 release) | Bigger vibrant sound Wi-Fi and Bluetooth smart speaker and Alexa | Cloud Blue","https://m.media-amazon.com/images/I/71yf6yTNWSL._AC_UL320_.jpg","https://www.amazon.co.uk/dp/B09B8T5VGV","4.7","7205","31.99","False","0","Hi-Fi Speakers"
"B09WX6QD65","Introducing Echo Pop | Full sound compact Wi-Fi and Bluetooth smart speaker with Alexa | Charcoal","https://m.media-amazon.com/images/I/613dEoF9-rL._AC_UL320_.jpg","https://www.amazon.co.uk/dp/B09WX6QD65","4.6","1881","17.99","False","0","Hi-Fi Speakers"
"B09B97WSLF","Echo Dot with clock (5th generation, 2022 release) | Bigger vibrant sound Wi-Fi and Bluetooth smart speaker and Alexa | Glacier White","https://m.media-amazon.com/images/I/71bnkM5q8CL._AC_UL320_.jpg","https://www.amazon.co.uk/dp/B09B97WSLF","4.7","7205","31.99","False","0","Hi-Fi Speakers"
"B09B9615X2","Echo Dot (5th generation, 2022 release) | Big vibrant sound Wi-Fi and Bluetooth smart speaker with Alexa | Glacier White","https://m.media-amazon.com/images/I/71YVBa7zc5L._AC_UL320_.jpg","https://www.amazon.co.uk/dp/B09B9615X2","4.7","15308","21.99","False","0","Hi-Fi Speakers"
"B01MTB55WH","Anker Soundcore 2 Portable Bluetooth Speaker with 12W Stereo Sound, BassUp, IPX7 Waterproof, 24-Hour Playtime, Wireless Stereo Pairing, Speaker for Home, Outdoors, Travel","https://m.media-amazon.com/images/I/617DcBehCqL._AC_UL320_.jpg","https://www.amazon.co.uk/dp/B01MTB55WH","4.7","103673","39.99","False","0","Hi-Fi Speakers"
"B016MO90GW","Bluetooth Speaker, Anker Soundcore Speaker Upgraded Version with 24H Playtime, IPX5 Waterproof, Stereo Sound, 66ft Bluetooth Range, Built-In Mic, Portable Wireless Speaker for iPhone Samsung","https://m.media-amazon.com/images/I/61y+b4M0RZL._AC_UL320_.jpg","https://www.amazon.co.uk/dp/B016MO90GW","4.7","29909","29.99","False","0","Hi-Fi Speakers"
"B09ZQF5GZW","RIENOK Bluetooth Speaker Portable Wireless Bluetooth Speaker with 30W Enhanced Bass IPX7 Waterproof Bluetooth 5.3 Outdoor Speaker for Travel Sport","https://m.media-amazon.com/images/I/810dSwE0MoL._AC_UL320_.jpg","https://www.amazon.co.uk/dp/B09ZQF5GZW","4.5","16014","29.99","False","0","Hi-Fi Speakers"
"B08VDNCZT9","JBL Charge 5 - Portable Bluetooth Speaker with deep bass, IP67 waterproof and dustproof, 20 hours of playtime, built-in powerbank, in black","https://m.media-amazon.com/images/I/719nhErutkL._AC_UL320_.jpg","https://www.amazon.co.uk/dp/B08VDNCZT9","4.8","11920","139.0","False","0","Hi-Fi Speakers"
"B09ZX9NP2W","Introducing Echo Pop | Full sound compact Wi-Fi and Bluetooth smart speaker with Alexa | Lavender Bloom","https://m.media-amazon.com/images/I/71+5dhkUm6L._AC_UL320_.jpg","https://www.amazon.co.uk/dp/B09ZX9NP2W","4.6","1881","17.99","False","0","Hi-Fi Speakers"
"B09ZXDMNCY","Introducing Echo Pop | Full sound compact Wi-Fi and Bluetooth smart speaker with Alexa | Glacier White","https://m.media-amazon.com/images/I/71HV8Zp3kHL._AC_UL320_.jpg","https://www.amazon.co.uk/dp/B09ZXDMNCY","4.6","1881","17.99","False","0","Hi-Fi Speakers"
"B09B2R18PG","All-new Echo Show 5 (3rd Gen, 2023 release) | Smart display and alarm clock with clearer sound | Charcoal","https://m.media-amazon.com/images/I/51V109b68DL._AC_UL320_.jpg","https://www.amazon.co.uk/dp/B09B2R18PG","4.5","726","49.99","False","0","Hi-Fi Speakers"
"B084TNK1NL","Echo Show 8 | 2nd generation (2021 release), HD smart display with Alexa and 13 MP camera | Charcoal","https://m.media-amazon.com/images/I/71YT3C4CRQL._AC_UL320_.jpg","https://www.amazon.co.uk/dp/B084TNK1NL","4.7","18333","64.99","False","0","Hi-Fi Speakers"
"B09B97BPSW","Echo Dot Kids (5th generation, 2022 release) | Wi-Fi and Bluetooth smart speaker with Alexa | Designed for kids, with parental controls | Owl","https://m.media-amazon.com/images/I/71OimazcmOL._AC_UL320_.jpg","https://www.amazon.co.uk/dp/B09B97BPSW","4.6","1017","26.99","True","0","Hi-Fi Speakers"
"B08YF1T4SW","Sony SRS-XB13 - Compact and Portable Waterproof Wireless Bluetooth speaker with EXTRA BASS - Black","https://m.media-amazon.com/images/I/8125zt0BoVL._AC_UL320_.jpg","https://www.amazon.co.uk/dp/B08YF1T4SW","4.6","6367","39.0","False","0","Hi-Fi Speakers"
"B09B8XRZYB","Echo Dot Kids (5th generation, 2022 release) | Wi-Fi and Bluetooth smart speaker with Alexa | Designed for kids, with parental controls | Dragon","https://m.media-amazon.com/images/I/71QKSOmP-IL._AC_UL320_.jpg","https://www.amazon.co.uk/dp/B09B8XRZYB","4.6","1017","26.99","True","0","Hi-Fi Speakers"
"B09B2SS2G1","All-new Echo Show 5 (3rd Gen, 2023 release) | Smart display and alarm clock with clearer sound | White","https://m.media-amazon.com/images/I/51lmPoxyYkL._AC_UL320_.jpg","https://www.amazon.co.uk/dp/B09B2SS2G1","4.5","726","49.99","False","0","Hi-Fi Speakers"
"B07NQCKJSH","Echo Studio | Our best-sounding Wi-Fi and Bluetooth smart speaker ever | Dolby Atmos, spatial audio, smart home hub and Alexa | Charcoal","https://m.media-amazon.com/images/I/91Z0cGhaeCL._AC_UL320_.jpg","https://www.amazon.co.uk/dp/B07NQCKJSH","4.5","14222","164.99","False","0","Hi-Fi Speakers"
"B08BCHKY52","soundcore 3 Bluetooth Speaker by Anker with Stereo Sound, Pure Titanium Diaphragm Drivers, 24H Playtime, IPX7 Waterproof, Bluetooth 5.0, PartyCast Technology, BassUp, App, Custom EQ","https://m.media-amazon.com/images/I/61a5cLEUiqL._AC_UL320_.jpg","https://www.amazon.co.uk/dp/B08BCHKY52","4.6","9273","55.99","False","0","Hi-Fi Speakers"
"B08FB2H6Y4","JBL GO 3 - Wireless Bluetooth portable speaker with integrated loop for travel with USB C charging cable, in black","https://m.media-amazon.com/images/I/71ufHRvvHaL._AC_UL320_.jpg","https://www.amazon.co.uk/dp/B08FB2H6Y4","4.8","59668","34.8","False","0","Hi-Fi Speakers"
"B084TNGZHJ","Echo Show 8 | 2nd generation (2021 release), HD smart display with Alexa and 13 MP camera | Glacier White","https://m.media-amazon.com/images/I/711kdW8hEyL._AC_UL320_.jpg","https://www.amazon.co.uk/dp/B084TNGZHJ","4.7","18333","64.99","False","0","Hi-Fi Speakers"
"B09HGRXXTM","JBL Flip 6 Portable Bluetooth Speaker with 2-way speaker system and powerful JBL Original Pro Sound, up to 12 hours of playtime, in black","https://m.media-amazon.com/images/I/81nT721hWGL._AC_UL320_.jpg","https://www.amazon.co.uk/dp/B09HGRXXTM","4.7","8700","98.95","False","0","Hi-Fi Speakers"
"B09B2RV31Z","All-new Echo Show 5 (3rd generation) I Compact smart touchscreen with Alexa for smart home control and more I Cloud blue","https://m.media-amazon.com/images/I/51u7P7NKlgL._AC_UL320_.jpg","https://www.amazon.co.uk/dp/B09B2RV31Z","4.5","726","49.99","False","0","Hi-Fi Speakers"
"B0BLS36M5R","All-new Echo Show 8 | 3rd generation (2023 release), HD smart touchscreen with spatial audio, smart home hub and Alexa, Charcoal","https://m.media-amazon.com/images/I/51dbJ5yt-eL._AC_UL320_.jpg","https://www.amazon.co.uk/dp/B0BLS36M5R","0.0","0","149.99","False","0","Hi-Fi Speakers"
"B07PDJ9JFF","Echo Flex – Voice control smart home devices with Alexa","https://m.media-amazon.com/images/I/712ktIAwjvL._AC_UL320_.jpg","https://www.amazon.co.uk/dp/B07PDJ9JFF","4.5","21614","9.99","False","0","Hi-Fi Speakers"
"B07QK18BNY","JBL FLIP 5 Portable Waterproof Bluetooth Speaker blue","https://m.media-amazon.com/images/I/81LWZFtWMZL._AC_UL320_.jpg","https://www.amazon.co.uk/dp/B07QK18BNY","4.7","6387","79.99","False","0","Hi-Fi Speakers"
"B096G3R7C3","JBL PartyBox110 Portable Indoor and Outdoor Party Speaker with Built-In Lights, IPX4 Splashproof Design, Deep Bass and 12 Hours of Playtime, in Black","https://m.media-amazon.com/images/I/81zdGGRzv9L._AC_UL320_.jpg","https://www.amazon.co.uk/dp/B096G3R7C3","4.8","153","289.0","False","0","Hi-Fi Speakers"
"B01N4V4X5M","Upgraded, Anker Soundcore Boost Bluetooth Speaker with Well-Balanced Sound, BassUp, 12H Playtime, USB-C, IPX7 Waterproof, with Customizable EQ via App, Wireless Stereo Pairing","https://m.media-amazon.com/images/I/71ZVrRZLTcL._AC_UL320_.jpg","https://www.amazon.co.uk/dp/B01N4V4X5M","4.7","29387","39.98","False","600","Hi-Fi Speakers"
"B08QF9F8BC","Ortizan Bluetooth Speaker, Portable Wireless Bluetooth Speakers With Led Light, Louder Volume & Enhanced Bass, IPX7 Waterproof, 30H Playtime, Durable Loud Outdoor Speaker for Travel, Sport","https://m.media-amazon.com/images/I/712ng8z14lL._AC_UL320_.jpg","https://www.amazon.co.uk/dp/B08QF9F8BC","4.4","17612","35.99","False","0","Hi-Fi Speakers"
"B08MQRDDYB","Echo Show 15 | Full HD 15.6"" smart display with Alexa and Fire TV built in, remote not included","https://m.media-amazon.com/images/I/71Aw8DGP6pL._AC_UL320_.jpg","https://www.amazon.co.uk/dp/B08MQRDDYB","4.4","2616","199.99","False","0","Hi-Fi Speakers"
"B07WVP26FR","Kolaura Portable Wireless Speaker, Bluetooth 5.0 Speaker with 3D Stereo HiFi Bass, 1500mAh Battery, 12 Hour Playtime (Blue)","https://m.media-amazon.com/images/I/61xFUiNr+tL._AC_UL320_.jpg","https://www.amazon.co.uk/dp/B07WVP26FR","4.4","2493","15.99","False","1000","Hi-Fi Speakers"
"B079DD19ZT","Sony HT-SF150 2ch Single Soundbar with Bluetooth and S-Force Front Surround - Black","https://m.media-amazon.com/images/I/41aiZIcs7YL._AC_UL320_.jpg","https://www.amazon.co.uk/dp/B079DD19ZT","4.3","2391","128.0","False","0","Hi-Fi Speakers"
"B0BXQ1Q6NK","Samsung Q990C Soundbar Speaker (2023) - 22 Speaker Home Sound System With Wireless Dolby Atmos Rear Speakers And Wireless Subwoofer, Alexa Built In, Smart Surround Sound, Bluetooth, WiFi & Airplay","https://m.media-amazon.com/images/I/71fSOhyUSfL._AC_UL320_.jpg","https://www.amazon.co.uk/dp/B0BXQ1Q6NK","4.8","13","959.99","False","0","Hi-Fi Speakers"
"B099TJGJ91","Bose SoundLink Flex Bluetooth Portable Speaker, Wireless Waterproof Speaker for Outdoor Travel—Black","https://m.media-amazon.com/images/I/811IL7wDDWL._AC_UL320_.jpg","https://www.amazon.co.uk/dp/B099TJGJ91","4.8","11692","149.0","False","0","Hi-Fi Speakers"
"B08L84ST93","Bose Solo Soundbar Series II - TV Speaker with Bluetooth connectivity","https://m.media-amazon.com/images/I/61kib4a8uqL._AC_UL320_.jpg","https://www.amazon.co.uk/dp/B08L84ST93","4.6","2799","169.0","True","0","Hi-Fi Speakers"
"B0BXQ3DQW5","Samsung Q700C Soundbar Speaker (2023) - 9 Speaker Home Sound System With Adaptive Sound, Dolby Atmos & Wireless Subwoofer, Night & Voice Enhancement, Smart Surround Sound, Bluetooth, WiFi & Airplay","https://m.media-amazon.com/images/I/71ZMhJu+qfL._AC_UL320_.jpg","https://www.amazon.co.uk/dp/B0BXQ3DQW5","4.7","15","368.99","False","0","Hi-Fi Speakers"
"B0B3XX8P9C","JBL Flip Essential 2 Portable Bluetooth Speaker with Rechargeable Battery, IPX7 Waterproof, 10h Battery Life, Black","https://m.media-amazon.com/images/I/715fCdexyJL._AC_UL320_.jpg","https://www.amazon.co.uk/dp/B0B3XX8P9C","4.7","2452","74.99","False","0","Hi-Fi Speakers"
"B08HRWSYH6","JBL Clip 4 - Bluetooth portable speaker with integrated carabiner, waterproof and dustproof, in black","https://m.media-amazon.com/images/I/61qFsf248iL._AC_UL320_.jpg","https://www.amazon.co.uk/dp/B08HRWSYH6","4.8","8625","39.95","False","0","Hi-Fi Speakers"
"B084P3KP2R","Echo Show 10 (3rd generation) | HD smart display with motion and Alexa, Charcoal Fabric","https://m.media-amazon.com/images/I/515617NI3GL._AC_UL320_.jpg","https://www.amazon.co.uk/dp/B084P3KP2R","4.5","5053","184.99","False","0","Hi-Fi Speakers"
"B00ANI7HI2","Jabra Speak 510 Speaker — Portable Bluetooth Speaker, Conference Speaker — Connects to Laptops, Smartphones and Tablets — USB Plug","https://m.media-amazon.com/images/I/61fjL51+TdL._AC_UL320_.jpg","https://www.amazon.co.uk/dp/B00ANI7HI2","4.7","5422","95.0","False","0","Hi-Fi Speakers"
"B08YDZRXGN","Sony SRS-XB13 - Compact & Portable Waterproof Wireless Bluetooth® speaker with EXTRA BASS™ - Blue","https://m.media-amazon.com/images/I/81CMx56Ie6L._AC_UL320_.jpg","https://www.amazon.co.uk/dp/B08YDZRXGN","4.7","2776","39.99","False","0","Hi-Fi Speakers"
"B081RQP7B9","W-KING Bluetooth Speaker, 30W Portable Wireless Loud Speakers, IPX6 Waterproof Outdoor Speaker with Punchy Bass, 24H Playtime, EQ, AUX, TF Card, USB Playback -Powerful Speaker for Home, Party, Outdoor","https://m.media-amazon.com/images/I/71JiWw8Bb3L._AC_UL320_.jpg","https://www.amazon.co.uk/dp/B081RQP7B9","4.6","5622","38.39","False","0","Hi-Fi Speakers"
"B085G58KWT","Echo (4th generation) | Premium sound Wi-Fi and Bluetooth smart speaker with Dolby, smart home hub and Alexa | Charcoal","https://m.media-amazon.com/images/I/71UGFF-EzFL._AC_UL320_.jpg","https://www.amazon.co.uk/dp/B085G58KWT","4.7","38692","49.99","False","0","Hi-Fi Speakers"
"B07F9NGRKF","EWA Travel Case Packed, A106 Pro Wireless Mini Bluetooth Speaker with Custom Bass Radiator. IP67 Waterproof, Small But Loud, Portable Speakers for Car, Bike, Outdoors, Shower (Black)","https://m.media-amazon.com/images/I/61FbWdgk2kL._AC_UL320_.jpg","https://www.amazon.co.uk/dp/B07F9NGRKF","4.6","40628","17.99","False","0","Hi-Fi Speakers"
"B08LQNL42Z","soundcore Anker Motion Boom Portable Bluetooth Speaker with Titanium Drivers, BassUp Technology, IPX7 Waterproof, 24H Playtime, App, Bluetooth 5.0, for Home, Party, Outdoors","https://m.media-amazon.com/images/I/71yCYurGpXL._AC_UL320_.jpg","https://www.amazon.co.uk/dp/B08LQNL42Z","4.7","18958","89.99","False","0","Hi-Fi Speakers"
"B07PCHL3ZZ","Bedside Lamp with Alarm Clock Bluetooth Speaker, Night Light Bedroom Decor RGB Color Changing LED Mood Bedroom Table Lamp Birthday Gifts for her for Teenage Girls Boy, Mum Gifts Women Kids","https://m.media-amazon.com/images/I/61Xz1Vd3v2L._AC_UL320_.jpg","https://www.amazon.co.uk/dp/B07PCHL3ZZ","4.5","2408","29.99","False","0","Hi-Fi Speakers"
"B0CD1H4NYH","ULTIMEA Dolby Atmos Sound Bar for TV, Soundbar for 3D Surround Sound System, Bluetooth Soundbar for TV with Subwoofer, Deep Bass Adjustable, Slim TV Sound Bar, Home Theater Soundbar Speaker, Nova S50","https://m.media-amazon.com/images/I/611-WQa75YL._AC_UL320_.jpg","https://www.amazon.co.uk/dp/B0CD1H4NYH","4.5","239","129.99","False","0","Hi-Fi Speakers"
"B0BXPZ792G","Samsung Q930C Soundbar Speaker (2023) - 17 Speaker Home Sound System With Adaptive Sound, Wireless Dolby Atmos And Wireless Subwoofer, Alexa Built In, Smart Surround Sound, Bluetooth, WiFi & Airplay","https://m.media-amazon.com/images/I/71hoTxYYTBL._AC_UL320_.jpg","https://www.amazon.co.uk/dp/B0BXPZ792G","4.1","7","628.5","False","0","Hi-Fi Speakers"
"B07G6MBCG3","Ultimate Ears BOOM 3 Wireless Bluetooth Speaker, Bold Sound + Deep Bass, Bluetooth, Magic Button, Waterproof, 15 Hours Battery, Range of 150 ft, Night Black","https://m.media-amazon.com/images/I/91ZHcTf0adL._AC_UL320_.jpg","https://www.amazon.co.uk/dp/B07G6MBCG3","4.6","8629","114.39","False","0","Hi-Fi Speakers"
"B09VKZPST7","soundcore Anker Motion Boom Plus Bluetooth Speaker, Portable Speaker with 80W Booming Sound, IP67 Waterproof and Dustproof, Type-C, Custom EQ, Bluetooth 5.3, Outdoor Speaker For Camping","https://m.media-amazon.com/images/I/71xxOrMUqkL._AC_UL320_.jpg","https://www.amazon.co.uk/dp/B09VKZPST7","4.7","5444","159.99","False","0","Hi-Fi Speakers"
"B0CB3QG2F9","neza Portable Bluetooth Speakers, 20W HD Loud Stereo Sound Wireless Speaker, 18H Playtime Bluetooth 5.1 Speaker with RGB Flashing Lights, IPX7 Waterproof Speakers for Travel/Home/Outdoors, Black","https://m.media-amazon.com/images/I/81lxdhpfSZL._AC_UL320_.jpg","https://www.amazon.co.uk/dp/B0CB3QG2F9","4.9","321","35.99","False","0","Hi-Fi Speakers"
"B08TTCHNP2","W-KING 80W Bluetooth Speaker Loud- Super Bass, Huge 105dB Sound, Portable Party Wireless Outdoor Speakers, Mixed Color LED Lights, 24H Playtime, Bluetooth 5.0, USB Playback, AUX, EQ, Non-Waterproof","https://m.media-amazon.com/images/I/71cLpM8uzpL._AC_UL320_.jpg","https://www.amazon.co.uk/dp/B08TTCHNP2","4.7","1108","103.99","False","0","Hi-Fi Speakers"
"B09BCH657M","DAB Radio Portable, Bluetooth Speaker, DAB Plus/DAB Radio, FM Radio, Shower Speaker, IPX4 Splashproof Water Resistant, Type-C USB, 5W Stereo Speaker with Bluetooth 5.0, Rechargeable","https://m.media-amazon.com/images/I/71JxChzUhSL._AC_UL320_.jpg","https://www.amazon.co.uk/dp/B09BCH657M","4.5","559","39.99","False","0","Hi-Fi Speakers"
"B08CMJ2YZX","Sanyun SW208 3"" Active Bluetooth 5.0 Bookshelf Speakers – 60W Carbon Fiber Unit - Built-in 24bit DAC - Dynamic 3D Surround Sound – 2.0 Computer PC Monitor Gaming Speakers (Pair, White)","https://m.media-amazon.com/images/I/81PdWvZcOBL._AC_UL320_.jpg","https://www.amazon.co.uk/dp/B08CMJ2YZX","4.4","974","59.49","True","0","Hi-Fi Speakers"
"B09B12MGXM","Sonos Beam (Gen 2) The compact smart soundbar for TV, music and more. (Black)","https://m.media-amazon.com/images/I/61UHCNuU-bL._AC_UL320_.jpg","https://www.amazon.co.uk/dp/B09B12MGXM","4.7","642","443.77","False","0","Hi-Fi Speakers"
"B09HGSCL9Q","JBL Flip 6 Portable Bluetooth Speaker with 2-way speaker system and powerful JBL Original Pro Sound, up to 12 hours of playtime, in blue","https://m.media-amazon.com/images/I/71w5t8TW97L._AC_UL320_.jpg","https://www.amazon.co.uk/dp/B09HGSCL9Q","4.7","8700","98.95","False","0","Hi-Fi Speakers"
"B08FB396L1","JBL GO 3 - Wireless Bluetooth portable speaker with integrated loop for travel with USB C charging cable, in blue","https://m.media-amazon.com/images/I/611BaQynd-L._AC_UL320_.jpg","https://www.amazon.co.uk/dp/B08FB396L1","4.8","59668","35.2","False","0","Hi-Fi Speakers"
"B09CTKLJGW","HEYSONG Portable Bluetooth Speaker, Waterproof Wireless Outdoor Speakers with LED Light, Enhanced Bass, IPX7 Floating, 40H Play, TF Card, True Wireless Stereo for Party, Shower, Biking, Gifts for Men","https://m.media-amazon.com/images/I/71-VjxZY8gL._AC_UL320_.jpg","https://www.amazon.co.uk/dp/B09CTKLJGW","4.5","2139","32.89","False","0","Hi-Fi Speakers"
"B07QK2SPP7","JBL FLIP 5 Waterproof Portable Bluetooth Speaker - Black","https://m.media-amazon.com/images/I/61ZquNpiFcL._AC_UL320_.jpg","https://www.amazon.co.uk/dp/B07QK2SPP7","4.7","23757","80.97","False","0","Hi-Fi Speakers"
"B06X15NDTV","Jabra Speak 510 Speaker Phone - Microsoft Certified Portable Bluetooth Conference Speaker with USB - Connect with Laptops, Smartphones and Tablets, Black","https://m.media-amazon.com/images/I/61fjL51+TdL._AC_UL320_.jpg","https://www.amazon.co.uk/dp/B06X15NDTV","4.7","1986","87.96","False","0","Hi-Fi Speakers"
"B07KC3ML1Z","W-KING Bluetooth Speakers, 50W Portable Bluetooth Speaker Wireless Loud, IPX6 Waterproof Outdoor Speaker with Deep Bass/40H Playback, for Party Travel","https://m.media-amazon.com/images/I/810EZ2W7yZL._AC_UL320_.jpg","https://www.amazon.co.uk/dp/B07KC3ML1Z","4.7","4570","81.99","False","0","Hi-Fi Speakers"
"B099T738ZC","Bose SoundLink Flex Bluetooth Portable Speaker, Wireless Waterproof Speaker for Outdoor Travel—Stone Blue","https://m.media-amazon.com/images/I/71i1wq8vNaL._AC_UL320_.jpg","https://www.amazon.co.uk/dp/B099T738ZC","4.8","7426","149.0","False","0","Hi-Fi Speakers"
"B08FB2YX1Y","JBL GO 3 - Wireless Bluetooth portable speaker with integrated loop for travel with USB C charging cable, in pink","https://m.media-amazon.com/images/I/71bctBYUvfL._AC_UL320_.jpg","https://www.amazon.co.uk/dp/B08FB2YX1Y","4.8","59668","35.85","False","0","Hi-Fi Speakers"
"B07HMTGJ3T","Marshall Acton II Wireless Bluetooth Speaker - Black","https://m.media-amazon.com/images/I/51Tn3qxqr3L._AC_UL320_.jpg","https://www.amazon.co.uk/dp/B07HMTGJ3T","4.7","16124","185.79","False","0","Hi-Fi Speakers"
"B07W5JHF97","ULTIMATE EARS WONDERBOOM 3, Small Portable Wireless Bluetooth Speaker, Big Bass 360-Degree Sound for Outdoors, Waterproof, Dustproof IP67, Floatable, 40 m Range - Black","https://m.media-amazon.com/images/I/81bCnaYnsyL._AC_UL320_.jpg","https://www.amazon.co.uk/dp/B07W5JHF97","4.6","474","89.99","False","0","Hi-Fi Speakers"
"B07G6MYMKD","Ultimate Ears MEGABOOM 3 Wireless Bluetooth Speaker (Powerful Sound + Thundering Bass, Bluetooth, Magic Button, Waterproof, Battery 20 hours, Range 45 m) - Night Black","https://m.media-amazon.com/images/I/71GhdfwbcYL._AC_UL320_.jpg","https://www.amazon.co.uk/dp/B07G6MYMKD","4.6","6624","150.98","False","0","Hi-Fi Speakers"
"B07WWDHDH5","Kolaura Portable Wireless Speaker, Bluetooth 5.0 Speaker with 3D Stereo HiFi Bass, 1500mAh Battery, 12 Hour Playtime (Black)","https://m.media-amazon.com/images/I/61BoKUO+feL._AC_UL320_.jpg","https://www.amazon.co.uk/dp/B07WWDHDH5","4.3","1996","15.99","False","0","Hi-Fi Speakers"
"B08MV54YFM","JBL Xtreme 3 - Wireless, portable waterproof speaker with Bluetooth with charging cable, in black","https://m.media-amazon.com/images/I/7180yadQ96L._AC_UL320_.jpg","https://www.amazon.co.uk/dp/B08MV54YFM","4.6","560","230.95","False","0","Hi-Fi Speakers"
"B0995MJR6M","Night Light Bluetooth Speaker, Alarm Clock Bluetooth Speaker,Bedside Lamp with Alarm Clock,White Noise Machine,Dimmable Color Changing Table Lamp Bedroom Gifts for Teenage Girls Boys Kids Women Teens","https://m.media-amazon.com/images/I/61wcZVsjotL._AC_UL320_.jpg","https://www.amazon.co.uk/dp/B0995MJR6M","4.4","472","25.48","False","0","Hi-Fi Speakers"
"B09XXW54QG","Marshall Emberton II Portable Bluetooth Speaker, Wireless & Water Resistant - Black","https://m.media-amazon.com/images/I/71muSDK2z9L._AC_UL320_.jpg","https://www.amazon.co.uk/dp/B09XXW54QG","4.6","966","149.0","False","0","Hi-Fi Speakers"
"B0C9HCCDH9","ULTIMEA Sound Bar for TV with Subwoofer, Deep Bass Ultra Slim Soundbar, 2.1ch Soundbar for TV, EQ Adjustable, Bluetooth 5.3 TV Sound Bar, Game Mode Perfect for PC, ARC/OPT/AUX/USB/Coaxial, Nova S40","https://m.media-amazon.com/images/I/71Y9JmD0TQL._AC_UL320_.jpg","https://www.amazon.co.uk/dp/B0C9HCCDH9","4.5","239","79.99","False","0","Hi-Fi Speakers"
"B097PPVTXH","Fenton SHF700B Floor Standing Speakers, Hi-Fi Stereo Tower Loudspeakers, 2x 6.5 Woofers, Black","https://m.media-amazon.com/images/I/71K8FPjHeBL._AC_UL320_.jpg","https://www.amazon.co.uk/dp/B097PPVTXH","4.4","18","145.0","False","0","Hi-Fi Speakers"
"B09LYZM9RJ","Fenton SHFS10W Active Subwoofer Speaker, 10"" for Home Theatre Surround Sound, Hi-Fi Systems, White","https://m.media-amazon.com/images/I/51jduec8alL._AC_UL320_.jpg","https://www.amazon.co.uk/dp/B09LYZM9RJ","5.0","1","169.0","False","0","Hi-Fi Speakers"
"B08FB2YPY4","JBL GO 3 - Wireless Bluetooth portable speaker with integrated loop for travel with USB C charging cable, in white","https://m.media-amazon.com/images/I/71G5TzoGp0L._AC_UL320_.jpg","https://www.amazon.co.uk/dp/B08FB2YPY4","4.8","59668","30.6","False","0","Hi-Fi Speakers"
"B0BKRJC71J","Echo Show 15 + Remote | Full HD 15.6"" smart display with Alexa and Fire TV built in","https://m.media-amazon.com/images/I/71WDtS7F8tL._AC_UL320_.jpg","https://www.amazon.co.uk/dp/B0BKRJC71J","4.4","2616","209.99","False","0","Hi-Fi Speakers"
"B07KC136DZ","W-KING Bluetooth Speakers, 50W Portable Bluetooth Speaker Wireless Loud, IPX6 Outdoor Speaker w/Huge Battery, Deep Bass, 40H Play, Party Travel Home","https://m.media-amazon.com/images/I/81s6EAK2bWL._AC_UL320_.jpg","https://www.amazon.co.uk/dp/B07KC136DZ","4.7","4570","81.99","False","0","Hi-Fi Speakers"
"B084PW139N","Echo Show 10 (3rd generation) | HD smart display with motion and Alexa, Glacier White Fabric","https://m.media-amazon.com/images/I/51fA4D2wrtL._AC_UL320_.jpg","https://www.amazon.co.uk/dp/B084PW139N","4.5","5053","184.99","False","0","Hi-Fi Speakers"
"B0BSLVCLCG","Easy Touch Wireless Speaker - Portable, Rechargeable Phone Speaker - Auto-Connects - Wireless Charger - Works with iPhone & Android - Magnetic Field Induction - Up to 20 Hours Battery Life - No Wires","https://m.media-amazon.com/images/I/61-sMG30HML._AC_UL320_.jpg","https://www.amazon.co.uk/dp/B0BSLVCLCG","3.8","171","39.99","False","0","Hi-Fi Speakers"
"B0BXQ479LH","Samsung C400 2.1ch 270W Soundbar Speaker (2023) - Bluetooth Soundbar with 4 Speakers, 6.5"" Subwoofer, 3D Wireless Surround Sound, Smart Game Mode, Adaptive Audio.","https://m.media-amazon.com/images/I/71uJ54qggSL._AC_UL320_.jpg","https://www.amazon.co.uk/dp/B0BXQ479LH","3.6","17","113.0","False","0","Hi-Fi Speakers"
"B07GBR9HG4","Bose Home Speaker 500 with Alexa Built In - Triple Black, 20.3 cm x 10.9 cm x 16.9 cm","https://m.media-amazon.com/images/I/711c8lIvv9L._AC_UL320_.jpg","https://www.amazon.co.uk/dp/B07GBR9HG4","4.5","1020","359.0","True","0","Hi-Fi Speakers"
"B07W2Z97W1","Sonos One SL (Black). The powerful microphone-free speaker for music and more","https://m.media-amazon.com/images/I/61lFAN-akFS._AC_UL320_.jpg","https://www.amazon.co.uk/dp/B07W2Z97W1","4.7","1893","164.97","False","0","Hi-Fi Speakers"
"B08VKXP1VY","Bose SoundLink Revolve (Series II) Portable Bluetooth Speaker – Wireless Water-Resistant Speaker with 360° Sound, Black","https://m.media-amazon.com/images/I/71fqr3NMdIL._AC_UL320_.jpg","https://www.amazon.co.uk/dp/B08VKXP1VY","4.6","3833","199.95","False","0","Hi-Fi Speakers"
"B09Q276X9B","Sanyun SW206 80W Active Dual-Mode Bookshelf Speakers, 4inch Studio Monitor and HiFi Mode, Optical Coaxial TRS Aux Bluetooth 5.0 USB with 24bit DAC, for Home Music System Turntable TV PC Desktop, White","https://m.media-amazon.com/images/I/61LM0DifROL._AC_UL320_.jpg","https://www.amazon.co.uk/dp/B09Q276X9B","4.4","974","110.49","False","0","Hi-Fi Speakers"
"B009L3ZXYU","4x Skytronic Home Hi-Fi Stereo Tower Speakers 350W","https://m.media-amazon.com/images/I/61nG9aJrHgL._AC_UL320_.jpg","https://www.amazon.co.uk/dp/B009L3ZXYU","4.0","1","229.0","False","0","Hi-Fi Speakers"
"B07RJTTXBG","Cardo Speaker Audio Set 45 mm","https://m.media-amazon.com/images/I/8144LXSk28L._AC_UL320_.jpg","https://www.amazon.co.uk/dp/B07RJTTXBG","4.3","1278","89.83","False","0","Hi-Fi Speakers"
"B09M65NMNH","Echo Studio | Our best-sounding Wi-Fi and Bluetooth smart speaker ever | Dolby Atmos, spatial audio, smart home hub and Alexa | Glacier White","https://m.media-amazon.com/images/I/61Jji0tIijL._AC_UL320_.jpg","https://www.amazon.co.uk/dp/B09M65NMNH","4.5","14222","164.99","False","0","Hi-Fi Speakers"
"B08RY6YLY4","Bluetooth Speaker, Portable Bluetooth Speakers with Subwoofer Wireless Stereo Sound Rich Bass Speakers Outdoor Party Speaker Support Remote Control FM Radio LED Lights for Home, Travel, Camping","https://m.media-amazon.com/images/I/71acjnQCExL._AC_UL320_.jpg","https://www.amazon.co.uk/dp/B08RY6YLY4","4.3","377","31.98","False","0","Hi-Fi Speakers"
"B0876T3695","Sonos Arc. The premium smart soundbar for TV, movies, music and more, featuring Dolby Atmos. (Black)","https://m.media-amazon.com/images/I/41OkdfKLjML._AC_UL320_.jpg","https://www.amazon.co.uk/dp/B0876T3695","4.7","256","797.92","False","0","Hi-Fi Speakers"
"B0BLS4NFP3","All-new Echo Show 8 | 3rd generation (2023 release), HD smart touchscreen with spatial audio, smart home hub and Alexa, Glacier White","https://m.media-amazon.com/images/I/51O-gpWr8WL._AC_UL320_.jpg","https://www.amazon.co.uk/dp/B0BLS4NFP3","0.0","0","149.99","False","0","Hi-Fi Speakers"
"B0BXPFL4Y2","Sonos Era 100 - An icon, remastered. Next-gen acoustics. New look. Now with Bluetooth®. Introducing Era 100. Hear what you've been missing. (Black)","https://m.media-amazon.com/images/I/619SmYo+h6L._AC_UL320_.jpg","https://www.amazon.co.uk/dp/B0BXPFL4Y2","4.5","36","230.0","False","0","Hi-Fi Speakers"
"B083K77PZL","W-KING Bluetooth Speaker, 50W Speakers Wireless Bluetooth 5.0 With Deep Bass, IPX6 Waterproof Loud Bluetooth Speaker With 40H Playback/Two Portable Speakers Pairing/TF Card/EQ/NFC for Outdoor Party","https://m.media-amazon.com/images/I/81uWNRlM3wL._AC_UL320_.jpg","https://www.amazon.co.uk/dp/B083K77PZL","4.6","2979","65.59","False","200","Hi-Fi Speakers"
"B09VQW6Q79","Samsung Q700B Soundbar Speaker (2022) - 3.1.2ch 3D Object Tracking Surround Sound System With Wireless Dolby Atmos DTS:X Audio, Alexa Built In And Wireless Subwoofer With Night & Voice Enhancement","https://m.media-amazon.com/images/I/81Q2bPaY3pL._AC_UL320_.jpg","https://www.amazon.co.uk/dp/B09VQW6Q79","4.5","74","309.99","False","0","Hi-Fi Speakers"
"B07S4L5MSS","i-box Alarm Clocks Bedside, Alarm Clock with Wireless Charging, Bluetooth Speaker, Radio Alarm Clock, Fast Qi Wireless Charger, Mains Powered, FM Radio, USB Charging Port, Dimmable, Non Ticking","https://m.media-amazon.com/images/I/711Ck0TaWoL._AC_UL320_.jpg","https://www.amazon.co.uk/dp/B07S4L5MSS","4.1","10742","31.99","False","0","Hi-Fi Speakers"
"B0BXQ118S8","Samsung Q800C Soundbar Speaker (2023) - 11 Speaker Home Sound System With Adaptive Sound, Wireless Dolby Atmos And Wireless Subwoofer, Alexa Built In, Smart Surround Sound, Bluetooth, WiFi & Airplay","https://m.media-amazon.com/images/I/715lAiZcBSL._AC_UL320_.jpg","https://www.amazon.co.uk/dp/B0BXQ118S8","4.8","6","489.99","False","0","Hi-Fi Speakers"
"B0BSLR7V97","AUNA Two Hi-Fi Subwoofers, 80W RMS Passive Subwoofer Speaker for Home Theatre System, Big Bass, Compact Design, 100W Max Hifi System, AUX Input for MP3 & CD Players, Volume Control, Auto-Off","https://m.media-amazon.com/images/I/518MCkX9JiL._AC_UL320_.jpg","https://www.amazon.co.uk/dp/B0BSLR7V97","4.2","36","134.99","False","0","Hi-Fi Speakers"
"B07Y4SYSMN","Fenton Black 5.0 Hi-Fi Home Cinema System Speakers and HiFi Amplifier with Bluetooth","https://m.media-amazon.com/images/I/61BU+ZoatJL._AC_UL320_.jpg","https://www.amazon.co.uk/dp/B07Y4SYSMN","0.0","0","309.0","False","0","Hi-Fi Speakers"
"B008MM2U4W","Fenton SHFS08W Active Subwoofer Speaker, 8"" for Home Theatre Surround Sound, Hi-Fi Systems, White","https://m.media-amazon.com/images/I/510BaYujGNL._AC_UL320_.jpg","https://www.amazon.co.uk/dp/B008MM2U4W","3.0","4","140.0","False","0","Hi-Fi Speakers"
"B095LB3G42","Echo Show 8 (2nd Gen, 2021 release), Charcoal + Adjustable Stand, Charcoal","https://m.media-amazon.com/images/I/51hyaeY00oS._AC_UL320_.jpg","https://www.amazon.co.uk/dp/B095LB3G42","4.7","18333","76.98","False","0","Hi-Fi Speakers"
"B07952VB6P","Echo Plus (2nd Gen) – Premium sound with a built-in smart home hub - Charcoal fabric","https://m.media-amazon.com/images/I/71CR1+xnTIL._AC_UL320_.jpg","https://www.amazon.co.uk/dp/B07952VB6P","4.7","19370","139.99","False","0","Hi-Fi Speakers"
"B0BYVJBJB8","Saiyin Sound Bar for TV, Soundbar with Bluetooth,Optical, AUX Inputs, 17-Inch Small TV Sound Bar Speakers with Visual Volume Adjustment (17 inch, Balck, DS6305)","https://m.media-amazon.com/images/I/610DPG2RO5L._AC_UL320_.jpg","https://www.amazon.co.uk/dp/B0BYVJBJB8","4.3","906","39.99","False","0","Hi-Fi Speakers"
"B0BNJ6NQ1P","ULTIMEA Sound bar for TV, 190W 2.1 Soundbar with Subwoofer, 6 EQ Modes, 5.0 Bluetooth Surround Sound System for 4K & HD & Smart TV, ARC, Optical, AUX, USB","https://m.media-amazon.com/images/I/617LNUcF+VL._AC_UL320_.jpg","https://www.amazon.co.uk/dp/B0BNJ6NQ1P","4.3","161","95.99","False","0","Hi-Fi Speakers"
"B09Q59321N","Tribit Bluetooth Portable Outdoor Speaker: Wireless Waterproof Speakers with Powerful Loud Sound Wireless Stereo Pairing IP67 and Built-in XBass for Outdoor Travel Biking-StormBox Micro 2","https://m.media-amazon.com/images/I/81DQbQUKs2L._AC_UL320_.jpg","https://www.amazon.co.uk/dp/B09Q59321N","4.7","3736","59.99","False","0","Hi-Fi Speakers"
"B08B951D35","Marshall Emberton Portable Bluetooth Speaker, Wireless & Water Resistant - Black","https://m.media-amazon.com/images/I/71nhjfr1NIL._AC_UL320_.jpg","https://www.amazon.co.uk/dp/B08B951D35","4.7","16124","103.99","False","0","Hi-Fi Speakers"
"B08B443QJ9","Sony SRS-XB23 - Super-Portable, Powerful and Durable, Waterproof, Wireless Bluetooth Speaker with EXTRA BASS – Black","https://m.media-amazon.com/images/I/51duSQ5t7OL._AC_UL320_.jpg","https://www.amazon.co.uk/dp/B08B443QJ9","4.6","2642","78.99","False","0","Hi-Fi Speakers"
"B095L2VTZ9","Echo Show 8 (2nd Gen, 2021 release), Glacier White + Adjustable Stand, Glacier White","https://m.media-amazon.com/images/I/51XzXT+0kXS._AC_UL320_.jpg","https://www.amazon.co.uk/dp/B095L2VTZ9","4.7","18333","76.98","False","0","Hi-Fi Speakers"
"B09HGPKY7Q","JBL Flip 6 Portable Bluetooth Speaker with 2-way speaker system and powerful JBL Original Pro Sound, up to 12 hours of playtime, in red","https://m.media-amazon.com/images/I/61P+C8bAhaL._AC_UL320_.jpg","https://www.amazon.co.uk/dp/B09HGPKY7Q","4.7","8700","98.95","False","0","Hi-Fi Speakers"
"B08PFWDZNL","Denon DHT-S216 Soundbar for Surround Sound System, Bluetooth, with Built-in Subwoofers, Dolby Digital, DTS Decoding, Dialogue Enhancer, HDMI ARC, Wall Mountable, Music Streaming","https://m.media-amazon.com/images/I/71tROK-pkaL._AC_UL320_.jpg","https://www.amazon.co.uk/dp/B08PFWDZNL","4.2","532","199.0","False","0","Hi-Fi Speakers"
"B0BMBC6QGY","Echo Dot (5th Generation), Charcoal + Portable Battery Base, Black","https://m.media-amazon.com/images/I/61luHeUZfFL._AC_UL320_.jpg","https://www.amazon.co.uk/dp/B0BMBC6QGY","4.7","15308","53.98","False","0","Hi-Fi Speakers"
"B07VZXSFXF","Sonos One SL (White), The powerful microphone-free speaker for music and more","https://m.media-amazon.com/images/I/61ybsx9GoiS._AC_UL320_.jpg","https://www.amazon.co.uk/dp/B07VZXSFXF","4.7","1893","169.0","False","0","Hi-Fi Speakers"
"B0748N1BZD","Bose SoundLink Micro Bluetooth Speaker - Black","https://m.media-amazon.com/images/I/61v+-9dV4PL._AC_UL320_.jpg","https://www.amazon.co.uk/dp/B0748N1BZD","4.7","26239","118.0","False","0","Hi-Fi Speakers"
"B08VD5DC5L","JBL Charge 5 - Portable Bluetooth Speaker with deep bass, IP67 waterproof and dustproof, 20 hours of playtime, built-in powerbank, in blue","https://m.media-amazon.com/images/I/71B1cHKfm7L._AC_UL320_.jpg","https://www.amazon.co.uk/dp/B08VD5DC5L","4.8","3949","149.0","False","0","Hi-Fi Speakers"
"B077SHH27K","Betron Wireless Portable Bluetooth Speaker Compact and Mini for iPhone iPad Smartphone, Black","https://m.media-amazon.com/images/I/61gnxfN8qoL._AC_UL320_.jpg","https://www.amazon.co.uk/dp/B077SHH27K","4.4","9006","16.99","False","0","Hi-Fi Speakers"
"B08PVZ5723","Bose SoundLink Revolve+ (Series II) Portable Bluetooth® Speaker-Wireless water-resistant speaker with long-lasting battery, Black","https://m.media-amazon.com/images/I/61Q1PFDLi2L._AC_UL320_.jpg","https://www.amazon.co.uk/dp/B08PVZ5723","4.6","240","259.0","False","0","Hi-Fi Speakers"
"B0C862PHRZ","LENRUE Bluetooth Speaker Mini Portable Wireless Outdoor Speaker with RGB Lights 360° Surround Stereo Bass Bluetooth V5.3 Small Pocket Shower Speakers for iPhone Samsung Bath Garden Home","https://m.media-amazon.com/images/I/81y-TdG8FgL._AC_UL320_.jpg","https://www.amazon.co.uk/dp/B0C862PHRZ","4.5","36","24.99","False","0","Hi-Fi Speakers"
"B08YNYG35J","Sony HT-S40R - 5.1ch Soundbar with Subwoofer and Wireless Rear Speakers","https://m.media-amazon.com/images/I/81e64lj1DjL._AC_UL320_.jpg","https://www.amazon.co.uk/dp/B08YNYG35J","4.2","219","332.31","False","0","Hi-Fi Speakers"
"B09PNTD2PD","Sonos Roam SL. Experience size-defying sound at home and on the go with this lightweight, outdoor-ready portable speaker with up to 10 hours of battery life and AirPlay2 compatible. (black)","https://m.media-amazon.com/images/I/71eZAQnzsBL._AC_UL320_.jpg","https://www.amazon.co.uk/dp/B09PNTD2PD","4.4","588","152.99","False","0","Hi-Fi Speakers"
"B07P39MLKH","Soundcore Motion+ Bluetooth Speaker with Hi-Res 30W Audio, BassUp, Extended Bass and Treble, Wireless HIFI Portable Speaker, App, Customizable EQ, 12H Playtime, IPX7 Waterproof, USB-C, For Home Office","https://m.media-amazon.com/images/I/71sLQv708DL._AC_UL320_.jpg","https://www.amazon.co.uk/dp/B07P39MLKH","4.7","21446","91.11","False","0","Hi-Fi Speakers"
"B0BWJ43R5T","VOSFEEL Bluetooth Speaker Wireless - Portable Speakers Wireless Bluetooth With LED Light Louder Volume Bass Music Stereo, TF Card, USB, Aux, Mic for Home Outdoor Party Travel","https://m.media-amazon.com/images/I/71aCEN1hKmL._AC_UL320_.jpg","https://www.amazon.co.uk/dp/B0BWJ43R5T","4.4","135","24.99","False","0","Hi-Fi Speakers"
"B08CVQFR68","AZATOM Studio Eclipse Soundbar 2.1 with built-in Subwoofer, Surround Sound, 180W Bluetooth Wireless, Large Remote Control,Optical Cable included (36inch)","https://m.media-amazon.com/images/I/413sFoLOtyL._AC_UL320_.jpg","https://www.amazon.co.uk/dp/B08CVQFR68","4.3","302","49.95","False","0","Hi-Fi Speakers"
"B08VDHH6QF","JBL Charge 5 - Portable Bluetooth Speaker with deep bass, IP67 waterproof and dustproof, 20 hours of playtime, built-in powerbank, in white","https://m.media-amazon.com/images/I/819GTP06JvL._AC_UL320_.jpg","https://www.amazon.co.uk/dp/B08VDHH6QF","4.8","528","139.0","False","0","Hi-Fi Speakers"
"B08FB2MZ7Y","JBL GO 3 - Wireless Bluetooth portable speaker with integrated loop for travel with USB C charging cable, in blue and pink","https://m.media-amazon.com/images/I/71X3UG5lWnL._AC_UL320_.jpg","https://www.amazon.co.uk/dp/B08FB2MZ7Y","4.8","59668","35.2","False","0","Hi-Fi Speakers"
"B0C7K5R6NR","PRSCFUM Bluetooth Speaker Wireless, Portable Speaker with RGB Lights IPX7 Waterproof Outdoor Portable Speakers Wireless Bluetooth 5.3 for Travel Sport, 12H Bluetooth Speakers, Enhanced Bass, Black","https://m.media-amazon.com/images/I/817cGSalBoL._AC_UL320_.jpg","https://www.amazon.co.uk/dp/B0C7K5R6NR","4.9","261","30.59","False","0","Hi-Fi Speakers"
"B085HWZY1K","Echo (4th generation) | Premium sound Wi-Fi and Bluetooth smart speaker with Dolby, smart home hub and Alexa | Twilight Blue","https://m.media-amazon.com/images/I/71GYHL14uVL._AC_UL320_.jpg","https://www.amazon.co.uk/dp/B085HWZY1K","4.7","38692","49.99","False","0","Hi-Fi Speakers"
"B085FXG4WB","Echo (4th generation) | Premium sound Wi-Fi and Bluetooth smart speaker with smart home hub and Alexa | Glacier White","https://m.media-amazon.com/images/I/61eZ7CAI0wL._AC_UL320_.jpg","https://www.amazon.co.uk/dp/B085FXG4WB","4.7","38692","49.99","False","0","Hi-Fi Speakers"
"B083X2G8CJ","JBL Tuner 2 Portable Radio - Bluetooth speaker with DAB and FM radio, 12 hours of wireless music, in black","https://m.media-amazon.com/images/I/71KLvTqOK8L._AC_UL320_.jpg","https://www.amazon.co.uk/dp/B083X2G8CJ","4.6","4662","78.99","False","0","Hi-Fi Speakers"
"B06XGG6MFV","Edifier R1280DB Powered Bluetooth Bookshelf Speakers - Optical Input - Wireless Studio Monitors - 4 Inch Near Field Speaker - 42w RMS - Black","https://m.media-amazon.com/images/I/81wWs9djLFL._AC_UL320_.jpg","https://www.amazon.co.uk/dp/B06XGG6MFV","4.7","759","129.99","False","0","Hi-Fi Speakers"
"B08KZJFC2F","Bluetooth Speaker, W-KING 60W RMS(80W Peak) Portable Wireless Loud Bluetooth Speaker with Deep Bass, IPX6 Waterproof Outdoor Powerful Speaker, V5.0, 40H Playtime, Power Bank, TF Card, AUX, NFC, EQ","https://m.media-amazon.com/images/I/81JHrQhlMBL._AC_UL320_.jpg","https://www.amazon.co.uk/dp/B08KZJFC2F","4.7","1360","72.17","False","0","Hi-Fi Speakers"
"B09X1W6BJX","Samsung Q60B Wireless Soundbar Speaker (2022) - 3.1ch Bluetooth Speaker With Dolby Atmos Virtual DTS:X Sound, Centre Speaker & Adaptive Sound, Home Cinema Experience With Night & Voice Enhancer","https://m.media-amazon.com/images/I/716t8gJ0ELL._AC_UL320_.jpg","https://www.amazon.co.uk/dp/B09X1W6BJX","4.3","42","166.15","False","0","Hi-Fi Speakers"
"B016OC1682","Sumvision PYSC Wireless Bluetooth LED Tower Speaker Torre XL Bluetooth Tower Speakers Stand for PC phone Iphone Ipad Samsung Galaxy with built in radio","https://m.media-amazon.com/images/I/71p0Edr73bL._AC_UL320_.jpg","https://www.amazon.co.uk/dp/B016OC1682","4.3","2922","66.99","True","0","Hi-Fi Speakers"
"B0838K4K37","Sanyun SW208 3"" Active Bluetooth 5.0 Bookshelf Speakers - 60W Carbon Fiber Speaker Unit - Built-in 24bit DAC - Dynamic 3D Surround Sound - 2.0 Computer PC Monitor Gaming Speakers (Pair, Black)","https://m.media-amazon.com/images/I/91K4QfbNuAL._AC_UL320_.jpg","https://www.amazon.co.uk/dp/B0838K4K37","4.4","974","59.49","False","0","Hi-Fi Speakers"
"B08YXBSP6X","Sonos Roam, The portable smart speaker for all your listening adventures (With Voice, Black)","https://m.media-amazon.com/images/I/51A2eZl8G2L._AC_UL320_.jpg","https://www.amazon.co.uk/dp/B08YXBSP6X","4.5","1578","163.8","False","0","Hi-Fi Speakers"
"B0BXPPPZS9","Sonos Era 300. Feel sound all around. With next-level audio, Era 300 doesn’t just surround you, it puts you inside your music. (Black)","https://m.media-amazon.com/images/I/71Z9S5x0+WL._AC_UL320_.jpg","https://www.amazon.co.uk/dp/B0BXPPPZS9","4.3","27","419.0","False","0","Hi-Fi Speakers"
"B07HMTHH9C","Marshall Stanmore II Wireless Bluetooth Speaker - Black (UK)","https://m.media-amazon.com/images/I/91xS1MNudxL._AC_UL320_.jpg","https://www.amazon.co.uk/dp/B07HMTHH9C","4.7","16124","219.95","False","0","Hi-Fi Speakers"
"B07KXN8G6D","Tribit Bluetooth Speakers, StormBox 24W Portable Bluetooth Speakers, 360° Full Surround Sound, Extended XBass, Wireless Dual Pairing, IPX7 Waterproof, 20 Hours Runtime Speaker-The Telegraph's Choice","https://m.media-amazon.com/images/I/71Cc1GRcgWL._AC_UL320_.jpg","https://www.amazon.co.uk/dp/B07KXN8G6D","4.7","3110","62.99","False","0","Hi-Fi Speakers"
"B098NZXDY4","Night Light Bluetooth Speaker, White Noise Machine, Touch Bedside Lamp with Alarm Clock for Kids, Multi-Color Bedroom Table Lamp gifts for her him Gifts for Teenage Girls Boys Teens Women Boyfriend","https://m.media-amazon.com/images/I/61pHHjc+1yL._AC_UL320_.jpg","https://www.amazon.co.uk/dp/B098NZXDY4","4.5","1414","25.48","False","0","Hi-Fi Speakers"
"B0BZP8DR1Q","JBL Go Essential Portable Bluetooth Speaker - Black - JBLGOESBLK","https://m.media-amazon.com/images/I/51RKLobPqeL._AC_UL320_.jpg","https://www.amazon.co.uk/dp/B0BZP8DR1Q","4.7","5","29.95","False","0","Hi-Fi Speakers"
"B08TBXB2TL","FIGMASU Bluetooth Speaker, Portable Speakers Mini Bluetooth 5.0 Dual Pairing Wireless Speaker,360 HD Surround Sound & Rich Stereo Bass IPX7 Waterproof for Travel,Pool and Outdoor(Green)","https://m.media-amazon.com/images/I/813QkTY5VvL._AC_UL320_.jpg","https://www.amazon.co.uk/dp/B08TBXB2TL","4.3","1616","32.98","False","0","Hi-Fi Speakers"
"B0962NVC55","MEGUO 2023 RGB Lights Bluetooth Speaker, 10W Small Portable Wireless Bluetooth Speaker w/HD Stereo, IPX5 Waterproof, 18H Playtime, Mic, TF Card, Mini Speakers for Home Garden Party Camping Travel","https://m.media-amazon.com/images/I/71MlVD21nML._AC_UL320_.jpg","https://www.amazon.co.uk/dp/B0962NVC55","4.4","1567","22.99","False","0","Hi-Fi Speakers"
"B08CZRC7T6","Denon DHT-S316 Bluetooth Soundbar with Subwoofer for Surround Sound System, Dolby Digital, DTS Decoding, Dialogue Enhancer, HDMI ARC, Wall Mountable, Music Streaming, Including HDMI Cable","https://m.media-amazon.com/images/I/81bJRd3i43L._AC_UL320_.jpg","https://www.amazon.co.uk/dp/B08CZRC7T6","4.5","789","199.0","False","0","Hi-Fi Speakers"
"B07W7L9JXF","Ultimate Ears WONDERBOOM 3, Small Portable Wireless Bluetooth Speaker, Big Bass 360-Degree Sound for Outdoors, Waterproof, Dustproof IP67, Floatable, 40 m Range - Green","https://m.media-amazon.com/images/I/81L40OA2XFL._AC_UL320_.jpg","https://www.amazon.co.uk/dp/B07W7L9JXF","4.7","68","89.99","False","0","Hi-Fi Speakers"
"B09HGVNLFK","JBL Flip 6 Portable Bluetooth Speaker with 2-way speaker system and powerful JBL Original Pro Sound, up to 12 hours of playtime, in grey","https://m.media-amazon.com/images/I/71IKud8AUjL._AC_UL320_.jpg","https://www.amazon.co.uk/dp/B09HGVNLFK","4.7","742","98.95","False","0","Hi-Fi Speakers"
"B09J47Y789","XSOUND Portable Bluetooth Speaker Wireless 24W wireless bluetooth speaker with Bluetooth 5.2, enhanced bass, stereo sound, 24h playtime, usb c, IPX7 Waterproof outdoor speaker","https://m.media-amazon.com/images/I/71Qp9ulfhnL._AC_UL320_.jpg","https://www.amazon.co.uk/dp/B09J47Y789","4.4","804","22.99","False","200","Hi-Fi Speakers"
"B09D91J5BD","Bluetooth Shower Speaker, IPX7 Waterproof Portable Bluetooth Speaker with Suction Cup, Wireless Speaker 360°Surround Sound, LED Light Show, Built-in Mic, Outdoor Mini Speaker for Party, Travel, Beach","https://m.media-amazon.com/images/I/719+7thloyL._AC_UL320_.jpg","https://www.amazon.co.uk/dp/B09D91J5BD","4.4","1233","29.98","False","0","Hi-Fi Speakers"
"B08BLR1X7J","MAJORITY D40 Active Bookshelf,Powered Stereo Studio Speakers | Powerful Amplified 2.0 Channel Sound | Bluetooth, Optical, RCA, USB & Aux Playback I Digital Controls I HiFi","https://m.media-amazon.com/images/I/71XISEK5-8L._AC_UL320_.jpg","https://www.amazon.co.uk/dp/B08BLR1X7J","4.4","628","68.99","False","0","Hi-Fi Speakers"
"B09KJ4ZDD3","Introducing Echo Show 5 (3rd generation) Kids | Designed for kids, with parental controls | Galaxy","https://m.media-amazon.com/images/I/617ZsxAiWJL._AC_UL320_.jpg","https://www.amazon.co.uk/dp/B09KJ4ZDD3","4.3","34","59.99","False","0","Hi-Fi Speakers"
"B099TLMRB6","Bose SoundLink Flex Bluetooth Portable Speaker, Wireless Waterproof Speaker for Outdoor Travel—White","https://m.media-amazon.com/images/I/71OK+KxiT9L._AC_UL320_.jpg","https://www.amazon.co.uk/dp/B099TLMRB6","4.8","3323","149.0","False","0","Hi-Fi Speakers"
"B09NCFF9CS","JBL Flip 6 Portable Bluetooth Speaker with 2-way speaker system and powerful JBL Original Pro Sound, up to 12 hours of playtime, in green","https://m.media-amazon.com/images/I/61mkg7vVwyL._AC_UL320_.jpg","https://www.amazon.co.uk/dp/B09NCFF9CS","4.7","8700","98.95","False","0","Hi-Fi Speakers"
"B0B883CP4L","MEREDO 180W Sound Bar 2 in 1 Detachable Soundbar for TV 2.1CH Soundbar with Subwoofer 5 EQ Modes Treble & Bass Adjust (HDMI ARC Cable) Optical/Bluetooth 5.0/AUX, 12L Deep Bass for Home (Black)","https://m.media-amazon.com/images/I/61q-yR0Q3bL._AC_UL320_.jpg","https://www.amazon.co.uk/dp/B0B883CP4L","4.3","3757","109.49","False","0","Hi-Fi Speakers"
"B0BWKDDXTR","Jabra Speak2 55 Wireless Bluetooth Speakerphone with 4 Noise-cancelling Mics, Full-range 50mm Speaker, Wideband Audio, Compact and portable - MS Teams Certified, Works with Other Platforms - Dark Grey","https://m.media-amazon.com/images/I/61XnN6jI3CL._AC_UL320_.jpg","https://www.amazon.co.uk/dp/B0BWKDDXTR","4.5","168","119.62","False","0","Hi-Fi Speakers"
"B08XYY43ZF","W-KING Portable Bluetooth Speaker Loud, 70W IPX6 Waterproof Outdoor Wireless Speaker, Triple Passive Radiators-Deep Bass/Hi-fi Clear Audio/DSP/42H/Power Bank/TF Card/AUX/EQ for Party,Free Opener(X10)","https://m.media-amazon.com/images/I/716ecLleRqL._AC_UL320_.jpg","https://www.amazon.co.uk/dp/B08XYY43ZF","4.7","616","95.99","False","0","Hi-Fi Speakers"
"B08NQ1FNW8","ZVOX Dialogue Clarifying Sound Bar with Patented Hearing Technology, Twelve Levels of Voice Boost - 30-Day Home Trial - AccuVoice AV157 TV Speaker (Black)","https://m.media-amazon.com/images/I/71CoJPiZCrL._AC_UL320_.jpg","https://www.amazon.co.uk/dp/B08NQ1FNW8","4.2","567","159.87","False","0","Hi-Fi Speakers"
"B09DTCGT7Q","MAJORITY Bluetooth 5.1 Surround Sound System, 3D Dolby Audio Soundbar 300W, Home Cinema Sound System and Sound bar with HDMI ARC, Wireless Subwoofer and Detachable Speakers Everest","https://m.media-amazon.com/images/I/61jPMxVcT7L._AC_UL320_.jpg","https://www.amazon.co.uk/dp/B09DTCGT7Q","4.1","283","225.0","False","0","Hi-Fi Speakers"
"B0B646JZQD","Samsung B530 Soundbar Speaker (2022) - 2.1ch Surround Sound Audio With 5 Speakers Virtual DTS:X, Wireless Subwoofer And Adaptive Sound Lite","https://m.media-amazon.com/images/I/71vMy42jyIL._AC_UL320_.jpg","https://www.amazon.co.uk/dp/B0B646JZQD","4.5","28","139.0","False","0","Hi-Fi Speakers"
"B0BCVVS3DN","S SMAZINSTAR Bluetooth Speaker Wireless, SMAINSTAR Wireless Portable Speaker, Big Magicbox 20W Loud With Bass Enhancement, Build-In Mic For Hands-Free, 42H Play Home, s, BBQ, Travel BLack","https://m.media-amazon.com/images/I/61V3cNsU-bL._AC_UL320_.jpg","https://www.amazon.co.uk/dp/B0BCVVS3DN","4.2","59","13.99","False","0","Hi-Fi Speakers"
"B0BXPFHHDM","Sonos Era 100 - An icon, remastered. Next-gen acoustics. New look. Now with Bluetooth®. Introducing Era 100. Hear what you've been missing. (White)","https://m.media-amazon.com/images/I/71IipPCYGaL._AC_UL320_.jpg","https://www.amazon.co.uk/dp/B0BXPFHHDM","4.5","36","239.0","False","0","Hi-Fi Speakers"
"B09FL5CVK4","70W Loud Bluetooth Speaker Wireless, W-KING Outdoor Portable Speaker Bluetooth Waterproof with Lights, IPX6/Heavy Bass/Stereo Pairing, Party Bluetooth Speakers Hifi Mic Slot/42H Play/Power Bank/TF/AUX","https://m.media-amazon.com/images/I/81qAR2EWpiL._AC_UL320_.jpg","https://www.amazon.co.uk/dp/B09FL5CVK4","4.6","267","120.99","False","0","Hi-Fi Speakers"
"B09ZYCBWYF","Sonos Ray Soundbar - All-in-one compact and sleek soundbar with Blockbuster sound for movies, gaming and wifi music streaming, compatible App and Apple AirPlay, in black","https://m.media-amazon.com/images/I/31qbmx82CrL._AC_UL320_.jpg","https://www.amazon.co.uk/dp/B09ZYCBWYF","4.6","149","249.0","False","0","Hi-Fi Speakers"
"B0794TNLV7","Echo Plus (2nd Gen) – Premium sound with a built-in smart home hub - Sandstone Fabric","https://m.media-amazon.com/images/I/61y5Oz3IiAL._AC_UL320_.jpg","https://www.amazon.co.uk/dp/B0794TNLV7","4.7","19370","139.99","False","0","Hi-Fi Speakers"
"B08FCDFHLB","soundcore Anker Mini 3 Bluetooth Speaker, BassUp and PartyCast Technology, USB-C, Waterproof IPX7, and Customizable EQ","https://m.media-amazon.com/images/I/61wAT1GacuL._AC_UL320_.jpg","https://www.amazon.co.uk/dp/B08FCDFHLB","4.7","3208","34.99","False","200","Hi-Fi Speakers"
"B08B5YTXR6","Echo Flex + Amazon Smart Plug, Works with Alexa - Smart Home Starter Kit","https://m.media-amazon.com/images/I/71IFC5XrhGL._AC_UL320_.jpg","https://www.amazon.co.uk/dp/B08B5YTXR6","4.7","90000","16.99","False","0","Hi-Fi Speakers"
"B0B1DTGBJN","[Exclusive to Amazon] Bose SoundLink Flex Bluetooth Portable Speaker, Wireless Waterproof Speaker for Outdoor Travel - Carmine Red","https://m.media-amazon.com/images/I/716unk64C-L._AC_UL320_.jpg","https://www.amazon.co.uk/dp/B0B1DTGBJN","4.8","3079","143.65","False","0","Hi-Fi Speakers"
"B0BB85R2BV","Bose Smart Soundbar 600 Dolby Atmos with Alexa Built-In, Bluetooth connectivity – Black","https://m.media-amazon.com/images/I/61Kt5hQE9KL._AC_UL320_.jpg","https://www.amazon.co.uk/dp/B0BB85R2BV","4.4","363","499.0","False","0","Hi-Fi Speakers"
"B0CCYFP62W","Sony SRS-XB100 - Wireless Bluetooth, Portable, Lightweight, Compact, Outdoor, Travel Speaker, Durable IP67 Waterproof & Dustproof,16 HR Battery, Versatile Strap, Hands-Free Calling, Black","https://m.media-amazon.com/images/I/71r5EgruzPL._AC_UL320_.jpg","https://www.amazon.co.uk/dp/B0CCYFP62W","4.6","134","52.0","False","0","Hi-Fi Speakers"
"B07W7LDV7K","Logitech Z407 Bluetooth Computer Speakers with Subwoofer and Wireless Control, Immersive Sound, Premium Audio with Multiple Inputs, USB Speakers - Black","https://m.media-amazon.com/images/I/51s54H-J94L._AC_UL320_.jpg","https://www.amazon.co.uk/dp/B07W7LDV7K","4.4","665","119.99","True","0","Hi-Fi Speakers"
"B0BF61ZLC9","Sonos Sub Mini. Deepen your enjoyment of TV, films, and more with bold bass when you pair Sub Mini with Beam, Ray, Era 100, One, or One SL. (Black)","https://m.media-amazon.com/images/I/51817wz8TSL._AC_UL320_.jpg","https://www.amazon.co.uk/dp/B0BF61ZLC9","4.7","116","389.0","False","0","Hi-Fi Speakers"
"B08VDJ888B","JBL Charge 5 - Portable Bluetooth Speaker with deep bass, IP67 waterproof and dustproof, 20 hours of playtime, built-in powerbank, in pink","https://m.media-amazon.com/images/I/81dVH0xGGBL._AC_UL320_.jpg","https://www.amazon.co.uk/dp/B08VDJ888B","4.8","420","139.0","False","0","Hi-Fi Speakers"
"B07ZNJCP6N","Aisung Soundbar for TV, 32-inch Home Theater Stereo Sound Bar Wall Mountable TV Speakers with Subwoofer, Wireless Bluetooth 5.0, HDMI/Optical/Coaxial/USB/AUX/RCA Compatible","https://m.media-amazon.com/images/I/61HPX4EU+gL._AC_UL320_.jpg","https://www.amazon.co.uk/dp/B07ZNJCP6N","3.9","372","32.99","False","0","Hi-Fi Speakers"
"B09QL89J8X","Bluetooth Speakers, 60W(80W Peak) Portable Loud Wireless Stereo Speaker with Rich Bass, Bluetooth 5.0, FM Radio, Colorful Lights, TWS Pairing, 10000mAh Battery, Outdoor Speaker for Home Party Gifts","https://m.media-amazon.com/images/I/71Bi2xAq7YL._AC_UL320_.jpg","https://www.amazon.co.uk/dp/B09QL89J8X","3.9","252","55.98","False","0","Hi-Fi Speakers"
"B084TNNZYR","Certified and Refurbished Echo Show 8 | 2nd generation (2021 release), HD smart display with Alexa and 13 MP camera | Charcoal","https://m.media-amazon.com/images/I/71MGTYwclLS._AC_UL320_.jpg","https://www.amazon.co.uk/dp/B084TNNZYR","4.6","294","58.99","False","0","Hi-Fi Speakers"
"B09WVXZT3S","JBL PartyBox Encore Portable Indoor and Outdoor Party Speaker with Built-In Lights, IPX4 Splashproof Design, Deep Bass and 10 Hours of Playtime, in Black","https://m.media-amazon.com/images/I/811800TbvtL._AC_UL320_.jpg","https://www.amazon.co.uk/dp/B09WVXZT3S","4.7","40","249.0","False","0","Hi-Fi Speakers"
"B0C9DW687R","TFUFR Bluetooth Speaker, Portable Wireless Speakers Bluetooth 5.0 Speaker with 3D Stereo HiFi Bass, 1200mAh Battery, 12 Hour Playtime, Support Bluetooth/U-Disk/AUX Audio/TF Card","https://m.media-amazon.com/images/I/61sdj7OKltL._AC_UL320_.jpg","https://www.amazon.co.uk/dp/B0C9DW687R","3.8","23","10.98","False","0","Hi-Fi Speakers"
"B085R59TVK","Bang & Olufsen Beosound A1 (2nd Generation) - Wireless Portable Waterproof Bluetooth Speaker with Three Microphones, Alexa, and USB-C Charging Cable (Up to 18 Hours Playtime) - Grey Mist","https://m.media-amazon.com/images/I/71Xwd706mIL._AC_UL320_.jpg","https://www.amazon.co.uk/dp/B085R59TVK","4.5","3026","199.95","False","0","Hi-Fi Speakers"
"B0925X3ZDG","BOGASING M4 Portable Bluetooth Speaker with 40W HD Surround Stereo Sound, Enhanced Bass, IPX7 Waterproof, Bluetooth 5.0 Wireless Dual Pairing, EQ, for Home, Shower, Outdoor, Beach, Party","https://m.media-amazon.com/images/I/71RmM6tO2aS._AC_UL320_.jpg","https://www.amazon.co.uk/dp/B0925X3ZDG","4.4","1446","42.99","False","0","Hi-Fi Speakers"
"B08G52JFFQ","Marshall Emberton Portable Bluetooth Speaker, Wireless & Water Resistant - Black & Brass","https://m.media-amazon.com/images/I/71ncBz8OFHS._AC_UL320_.jpg","https://www.amazon.co.uk/dp/B08G52JFFQ","4.7","16124","119.04","False","0","Hi-Fi Speakers"
"B09F72WYQH","Portable Bluetooth Speaker, 30W Wireless Speaker with Double 4’’ Full range Stereo Sound, Mixed Color LED Lights, Remote, Supports EQ, TWS, USB, TF, AUX, Loud Speaker for Travel, Home, Party(1 Pcs)","https://m.media-amazon.com/images/I/81NJT3RKyWL._AC_UL320_.jpg","https://www.amazon.co.uk/dp/B09F72WYQH","4.0","243","39.98","False","0","Hi-Fi Speakers"
"B0BRCDTN9Q","BOGASING M5 Bluetooth Speaker, 40W Portable Wireless Speakers with Immersive Stereo Sound & Punchy Bass, 30H Playtime, IPX7 Waterproof Bluetooth 5.3, EQ TF-Card, AUX, USB Stick for Outdoor","https://m.media-amazon.com/images/I/617lwsTwveL._AC_UL320_.jpg","https://www.amazon.co.uk/dp/B0BRCDTN9Q","4.5","279","59.99","False","0","Hi-Fi Speakers"
"B00PUH6RXM","Sumvision Psyc Torre Premium NEW Bluetooth 5 Version Wireless Speaker Bluetooth Speaker Portable Stereo Subwoofer Enhanced Bass Remote Control Tower Speakers FM Radio 50Hour Playtime 240ft Range","https://m.media-amazon.com/images/I/612Gr4Yn2ZL._AC_UL320_.jpg","https://www.amazon.co.uk/dp/B00PUH6RXM","4.2","3863","38.99","False","0","Hi-Fi Speakers"
"B079Z4HS7S","SHARP HT-SB140(MT) 2.0 Soundbar, 150W Slim Wireless Bluetooth Soundbar for TV and Device Streaming with HDMI ARC /CEC, Aux and Digital Optical-In, Wall Mount or Table Top Sound Bar - Black","https://m.media-amazon.com/images/I/61F88rKZolL._AC_UL320_.jpg","https://www.amazon.co.uk/dp/B079Z4HS7S","4.2","1780","74.99","False","0","Hi-Fi Speakers"
"B00KHX9MCW","iFox Portable Bluetooth Shower Speaker, IPX7 Waterproof Outdoor Wireless Speaker, Built-in Mic, Carabiner, Beach, Camping, Hiking, Pool, Black/Gold","https://m.media-amazon.com/images/I/81aaH2v3QPL._AC_UL320_.jpg","https://www.amazon.co.uk/dp/B00KHX9MCW","4.5","19648","24.99","False","0","Hi-Fi Speakers"
"B087NB71CR","Tribit Bluetooth Speaker Portable Waterproof Speakers XSound Surf 12W Wireless Loud Bass Music Box with IPX7 Waterproof Bluetooth 5.0 Wireless Stereo Pairing-Long Lasting for Outdoor Travel Beach","https://m.media-amazon.com/images/I/71LunBFr8qL._AC_UL320_.jpg","https://www.amazon.co.uk/dp/B087NB71CR","4.6","3561","19.99","False","0","Hi-Fi Speakers"
"B08YRT9T38","Bang & Olufsen Beosound Explore - Wireless Portable Bluetooth Speaker with USB-C Charging Cable, IP67 Dustproof and Waterproof Speaker for Outdoors, Home and Travel - Black Anthracite","https://m.media-amazon.com/images/I/61nKALj2RuS._AC_UL320_.jpg","https://www.amazon.co.uk/dp/B08YRT9T38","4.6","1428","169.0","False","0","Hi-Fi Speakers"
"B07W6HLQ35","ULTIMATE EARS WONDERBOOM 3, Small Portable Wireless Bluetooth Speaker, Big Bass 360-Degree Sound for Outdoors, Waterproof, Dustproof IP67, Floatable, 40 m Range - Blue","https://m.media-amazon.com/images/I/81AQVyQx3TL._AC_UL320_.jpg","https://www.amazon.co.uk/dp/B07W6HLQ35","4.7","170","89.99","False","0","Hi-Fi Speakers"
"B086KJM7FL","Bose TV Speaker - Small Soundbar with Bluetooth Connectivity","https://m.media-amazon.com/images/I/61syGjJDgeL._AC_UL320_.jpg","https://www.amazon.co.uk/dp/B086KJM7FL","4.6","1227","269.0","False","0","Hi-Fi Speakers"
"B0B6FND733","ULTIMEA 120W Sound Bar for TV, Built-in 2 Tweeters and 4 Speakers, 6 EQ Modes & Bass Adjustable Soundbar, Bluetooth 5.0 Soundbar for TV, LED Display, TV Sound Bar with ARC/CEC, Optical, USB, AUX","https://m.media-amazon.com/images/I/61g3bOYjxeL._AC_UL320_.jpg","https://www.amazon.co.uk/dp/B0B6FND733","4.4","93","64.99","False","0","Hi-Fi Speakers"
"B08FB3QD9N","JBL GO 3 - Wireless Bluetooth portable speaker with integrated loop for travel with USB C charging cable, in squad","https://m.media-amazon.com/images/I/7189T9iWDPL._AC_UL320_.jpg","https://www.amazon.co.uk/dp/B08FB3QD9N","4.8","59668","35.2","False","0","Hi-Fi Speakers"
"B09VQ6CYXY","Samsung Q600B Soundbar Speaker (2022) - 3.1.2ch 3D Object Tracking Surround Sound System With Dolby Atmos DTS:X Audio, Wireless Subwoofer And Built In Centre Speaker With Wall Mount Kit","https://m.media-amazon.com/images/I/71WHeK-zK6L._AC_UL320_.jpg","https://www.amazon.co.uk/dp/B09VQ6CYXY","3.9","66","239.0","False","0","Hi-Fi Speakers"
"B0CB6DPG4N","MEGUO Loud Bluetooth Speaker Portable Speakers Wireless Bluetooth with 20W Powerful Sound, RGB Lights, TWS Pairing, Bluwtooth 5.3 IPX5 Waterproof Shower Outdoor Speaker for Garden Party BBQ Travel","https://m.media-amazon.com/images/I/81OsrEqKqCL._AC_UL320_.jpg","https://www.amazon.co.uk/dp/B0CB6DPG4N","4.6","86","29.99","False","0","Hi-Fi Speakers"
"B09VT75FVG","Samsung S800B All In One Soundbar Speaker (2022) - 3.1.2ch All In One Soundbar With 10 Speakers, 3D Object Based Surround Sound Expansion, Wireless Bluetooth Connection And Virtual DTS:X","https://m.media-amazon.com/images/I/61d8NJfiR9L._AC_UL320_.jpg","https://www.amazon.co.uk/dp/B09VT75FVG","4.5","27","393.15","False","0","Hi-Fi Speakers"
"B089LLT2P8","Loud Bluetooth Speaker, LENRUE Outdoor Enhanced IPX7 Waterproof Portable Speakers with Rich Bass, 14W HD Sound, 20-Hour Playtime, Wireless Speaker Soundbar for Shower, Gadren, Party, BBQ, Home, Travel","https://m.media-amazon.com/images/I/71R3Pl3F53L._AC_UL320_.jpg","https://www.amazon.co.uk/dp/B089LLT2P8","4.5","6134","27.99","False","0","Hi-Fi Speakers"
"B083BHHR41","PC Soundbar, Wired and Wireless Computer Speaker Home Theater Stereo Sound Bar for PC, Desktop, Laptop, Tablet, Smartphone [RCA, AUX], Black","https://m.media-amazon.com/images/I/71+8DAlRoZL._AC_UL320_.jpg","https://www.amazon.co.uk/dp/B083BHHR41","3.9","445","14.99","False","0","Hi-Fi Speakers"
"B0B1QNHNMG","Marshall Acton III Bluetooth Speaker, Wireless - Black","https://m.media-amazon.com/images/I/81TaKLwOZ1L._AC_UL320_.jpg","https://www.amazon.co.uk/dp/B0B1QNHNMG","4.8","38","246.99","False","0","Hi-Fi Speakers"
"B01HTJBK2G","Anker Super-Portable Bluetooth Speaker Soundcore Mini with 15-Hour Playtime, Wireless Speaker with 66-Foot Bluetooth Range, Enhanced Bass, Noise Cancelling Microphone, For Outdoor, Travel, Home","https://m.media-amazon.com/images/I/61AmdomqeeL._AC_UL320_.jpg","https://www.amazon.co.uk/dp/B01HTJBK2G","4.7","98099","28.99","False","0","Hi-Fi Speakers"
"B00QM8VEJA","Betron KBS08 Bluetooth Speaker, Wireless and Portable Speaker for Smartphone Laptop Tablet Android","https://m.media-amazon.com/images/I/71HVtMxkUhL._AC_UL320_.jpg","https://www.amazon.co.uk/dp/B00QM8VEJA","4.3","25007","18.99","False","0","Hi-Fi Speakers"
"B07W215T57","Sonos Move - The durable, battery-powered Smart Speaker for Outdoor and Indoor Listening, Black, with Alexa built-in (includes charging base)","https://m.media-amazon.com/images/I/911mdqzNzLL._AC_UL320_.jpg","https://www.amazon.co.uk/dp/B07W215T57","4.7","1090","363.95","False","0","Hi-Fi Speakers"
"B08BWXK1FL","MAJORITY Portable Bluetooth PC Soundbar | 20 Watts Powerful Stereo Sound | Portable Speaker with 8 Hours Playback Atlas Bluetooth Sound bar for TV | One Touch Control, USB, SD Card & AUX Playback","https://m.media-amazon.com/images/I/61p+6vpgISL._AC_UL320_.jpg","https://www.amazon.co.uk/dp/B08BWXK1FL","4.3","3508","27.95","False","0","Hi-Fi Speakers"
"B0876SN3QP","Sonos Arc, The premium smart soundbar for TV, movies, music and more, with Dolby Atmos. (White)","https://m.media-amazon.com/images/I/41ZOYbdYfkL._AC_UL320_.jpg","https://www.amazon.co.uk/dp/B0876SN3QP","4.6","137","798.98","False","0","Hi-Fi Speakers"
"B0BMB8PJRN","Echo Dot (5th Generation), Deep Sea Blue + Portable Battery Base, Black","https://m.media-amazon.com/images/I/61Z9e6HON1L._AC_UL320_.jpg","https://www.amazon.co.uk/dp/B0BMB8PJRN","4.7","15308","53.98","False","0","Hi-Fi Speakers"
"B0BXPPNBPJ","Sonos Era 300. Feel sound all around. With next-level audio, Era 300 doesn’t just surround you, it puts you inside your music. (White)","https://m.media-amazon.com/images/I/81YPQ+l-Z6L._AC_UL320_.jpg","https://www.amazon.co.uk/dp/B0BXPPNBPJ","4.3","27","415.0","False","0","Hi-Fi Speakers"
"B07WVC7XR8","Kolaura Portable Wireless Speaker, Bluetooth 5.0 Speaker with 3D Stereo HiFi Bass, 1500mAh Battery, 12 Hour Playtime (Red)","https://m.media-amazon.com/images/I/61urmsBxnZL._AC_UL320_.jpg","https://www.amazon.co.uk/dp/B07WVC7XR8","4.3","1996","15.99","False","0","Hi-Fi Speakers"
"B078XY4LTV","Razer Nommo Chroma - 2.0 Gaming Speakers RGB Chroma (Custom Woven Glass Fibre 3-inch Drivers, Rear-Facing Bass Ports, Bass Knob with Automatic Gain Control) Black","https://m.media-amazon.com/images/I/51fEAkkRzGL._AC_UL320_.jpg","https://www.amazon.co.uk/dp/B078XY4LTV","4.6","855","106.5","False","0","Hi-Fi Speakers"
"B09D45L52J","SteelSeries Arena 7 - Illuminated 2.1 Gaming Speakers – 2-Way Speaker Design – Powerful Bass, Subwoofer – USB, Aux, Optical, Wired – Bluetooth – PC, PlayStation, Mobile, Mac - UK Plug","https://m.media-amazon.com/images/I/71gSmXjW+XL._AC_UL320_.jpg","https://www.amazon.co.uk/dp/B09D45L52J","4.4","28","249.0","False","0","Hi-Fi Speakers"
"B0BN215WZ2","Groov-e Sounbar 75 - All-in-one Sound Bar with Bluetooth, Optical, USB, RCA & AUX Playback - Speaker with 75W Power & Super Bass - Button & Remote Control - Wall Mount Kit Included - Black","https://m.media-amazon.com/images/I/71s50zcVafL._AC_UL320_.jpg","https://www.amazon.co.uk/dp/B0BN215WZ2","4.2","207","49.99","False","0","Hi-Fi Speakers"
"B0019410ZK","Wharfedale Diamond 9.1 Speakers (Pair) (Walnut)","https://m.media-amazon.com/images/I/61lzOGGAn8L._AC_UL320_.jpg","https://www.amazon.co.uk/dp/B0019410ZK","4.8","794","129.0","False","0","Hi-Fi Speakers"
"B09YNLL7BJ","MUQI Bluetooth Speakers Portable Wireless, IPX7 Waterproof Shower Speaker, 10W Loud Stereo Sound, 12H Playtime Dual Pairing for Home Outdoors(Black)","https://m.media-amazon.com/images/I/81gDfqCHSeL._AC_UL320_.jpg","https://www.amazon.co.uk/dp/B09YNLL7BJ","4.3","203","19.99","False","0","Hi-Fi Speakers"
"B084Y89QHQ","Sony HT-G700 - 3.1ch Dolby Atmos / DTS:X Soundbar with wireless subwoofer","https://m.media-amazon.com/images/I/71Lszdf+d6L._AC_UL320_.jpg","https://www.amazon.co.uk/dp/B084Y89QHQ","4.4","465","299.99","False","0","Hi-Fi Speakers"
"B07G6CQQYG","Ultimate Ears, BOOM 3 Wireless Bluetooth Speaker, Bold Sound + Deep Bass, Bluetooth, Magic Button, Waterproof, 15-Hour Battery, Range of 150 ft, Lagoon Blue","https://m.media-amazon.com/images/I/91qqaozX1EL._AC_UL320_.jpg","https://www.amazon.co.uk/dp/B07G6CQQYG","4.6","8629","118.99","False","0","Hi-Fi Speakers"
"B089KMM3B6","Edifier R1280T Powered Bookshelf Speakers - 2.0 Active Near Field Monitors - Studio Monitor Speaker - Wooden Enclosure - 42 Watts RMS","https://m.media-amazon.com/images/I/71o5w0ZfptL._AC_UL320_.jpg","https://www.amazon.co.uk/dp/B089KMM3B6","4.6","620","99.99","False","0","Hi-Fi Speakers"
"B097G5Z771","Echo Dot (3rd generation) - Plum with a Fire TV Stick (includes TV controls)","https://m.media-amazon.com/images/I/61pPHZOPvKS._AC_UL320_.jpg","https://www.amazon.co.uk/dp/B097G5Z771","4.5","2","69.98","False","0","Hi-Fi Speakers"
"B0BWDXD7K3","RIENOK Bluetooth Speaker Portable Wireless Bluetooth Speaker with 30W Enhanced Bass IPX7 Waterproof Bluetooth 5.3 Outdoor Speaker for Travel Sport","https://m.media-amazon.com/images/I/81xAOjTSsxL._AC_UL320_.jpg","https://www.amazon.co.uk/dp/B0BWDXD7K3","4.5","16014","32.99","False","0","Hi-Fi Speakers"
"B0BSF3JF9M","Echo Dot (5th generation, 2022 release) Kids | Designed for kids, with parental controls | Owl + Owl Nest Stand","https://m.media-amazon.com/images/I/61kDrHY3JPL._AC_UL320_.jpg","https://www.amazon.co.uk/dp/B0BSF3JF9M","4.6","1017","43.98","True","0","Hi-Fi Speakers"
"B0BMB3QDQK","Echo Dot with Clock (5th Generation), Glacier White + Portable Battery Base, White","https://m.media-amazon.com/images/I/61Uyoe3-OmL._AC_UL320_.jpg","https://www.amazon.co.uk/dp/B0BMB3QDQK","4.7","7205","63.98","False","0","Hi-Fi Speakers"
"B07VLBZY4D","paiyda Soundbar, Sound Bar for TV, 120 dB Bluetooth Soundbars with Built-in Subwoofer, Wall Mounted Home Theater, Music/Moive/News Modes, Strong Bass, Remote, Optical/AUX/Coaxial/USB Connection","https://m.media-amazon.com/images/I/71DH-1QOIPL._AC_UL320_.jpg","https://www.amazon.co.uk/dp/B07VLBZY4D","4.3","1469","54.99","False","0","Hi-Fi Speakers"
"B09NCC7GH2","JBL Flip 6 Portable Bluetooth Speaker with 2-way speaker system and powerful JBL Original Pro Sound, up to 12 hours of playtime, in white","https://m.media-amazon.com/images/I/81+TT3Pr-NL._AC_UL320_.jpg","https://www.amazon.co.uk/dp/B09NCC7GH2","4.7","8700","104.0","False","0","Hi-Fi Speakers"
"B09W5ZPTK5","Samsung B650 Soundbar Speaker (2022) - 3.1ch Surround Sound Audio With 7 Speakers Virtual DTS:X, Wireless Subwoofer And Adaptive Sound Lite, Bluetooth Multiconnect & Wall Mount Kit Included","https://m.media-amazon.com/images/I/71puU2-i71L._AC_UL320_.jpg","https://www.amazon.co.uk/dp/B09W5ZPTK5","4.3","24","197.49","False","0","Hi-Fi Speakers"
"B0719C132V","Edifier R1280DB Powered Bluetooth Bookshelf Speakers - Optical Input - Wireless Studio Monitors - 4 Inch Near Field Speaker - 42w RMS - Wood Grain","https://m.media-amazon.com/images/I/812O+P4b9fL._AC_UL320_.jpg","https://www.amazon.co.uk/dp/B0719C132V","4.7","471","129.99","False","0","Hi-Fi Speakers"
"B0BYPJ1GPZ","Echo Dot (5th generation, 2022 release), Charcoal + TP-Link Tapo Smart Colour WiFi LED Bulb (B22), Works with Alexa - Smart Home Starter Kit","https://m.media-amazon.com/images/I/71q3sVUxTfL._AC_UL320_.jpg","https://www.amazon.co.uk/dp/B0BYPJ1GPZ","4.7","15308","28.99","False","0","Hi-Fi Speakers"
"B0B4DKP88Y","NOTABRICK Bluetooth Speaker with Lights, Portable Speakers Wireless Bluetooth 5.0,30W Loud Stereo Sound,IPX7 Waterproof,Long Playtime,100ft Bluetooth Range (Black)","https://m.media-amazon.com/images/I/71b9a6c9esL._AC_UL320_.jpg","https://www.amazon.co.uk/dp/B0B4DKP88Y","4.8","1127","42.99","False","0","Hi-Fi Speakers"
"B09VQ7B5WR","Samsung S60B All In One Lifestyle Soundbar Speaker (2022) - 5.0ch All In One Soundbar With 7 Speakers, Adaptive Sound, Alexa Built-In, Wireless Bluetooth Connection And Dolby Atmos 3D Object Tracking","https://m.media-amazon.com/images/I/61t5Es9Ij7L._AC_UL320_.jpg","https://www.amazon.co.uk/dp/B09VQ7B5WR","4.3","54","319.0","False","0","Hi-Fi Speakers"
"B0BQHXMNZF","ULTIMEA 2.2ch Sound Bar for TV, Built-in Dual Subwoofers, Sound Bars for Smart TV, 6 EQ Modes & Bass Adjustable Soundbar for TV, 2 in 1 Separable TV Sound Bar, ARC/BT/Optical/USB/AUX, Apollo S40","https://m.media-amazon.com/images/I/61nj3saMIxL._AC_UL320_.jpg","https://www.amazon.co.uk/dp/B0BQHXMNZF","4.3","109","69.99","False","0","Hi-Fi Speakers"
"B09PNSV48L","Sonos Roam SL. Experience size-defying sound at home and on the go with this lightweight, outdoor-ready portable speaker with up to 10 hours of battery life and AirPlay2 compatible. (white)","https://m.media-amazon.com/images/I/51x24PzVnoL._AC_UL320_.jpg","https://www.amazon.co.uk/dp/B09PNSV48L","4.4","588","156.99","False","0","Hi-Fi Speakers"
"B07ZQKM13W","JBL Pulse 5 Portable Bluetooth Speaker with Light Show, 12h Play Time, IP67 Dustproof and Waterproof, Pair with other JBL Speakers using PartyBoost, Black","https://m.media-amazon.com/images/I/61g5ZuoTK2L._AC_UL320_.jpg","https://www.amazon.co.uk/dp/B07ZQKM13W","4.7","220","218.95","False","0","Hi-Fi Speakers"
"B0BWDY2TJD","RIENOK Bluetooth Speaker Portable Wireless Bluetooth Speaker with 30W Enhanced Bass IPX7 Waterproof Bluetooth 5.3 Outdoor Speaker for Travel Sport","https://m.media-amazon.com/images/I/81TfVcOzplL._AC_UL320_.jpg","https://www.amazon.co.uk/dp/B0BWDY2TJD","4.5","16014","32.99","False","0","Hi-Fi Speakers"
"B09RV53551","Battery Base for Echo Dot (5th generation), Made for Amazon Black","https://m.media-amazon.com/images/I/41MJdK7T4DL._AC_UL320_.jpg","https://www.amazon.co.uk/dp/B09RV53551","4.2","2955","39.99","False","0","Hi-Fi Speakers"
"B0BMB6NSYB","Echo Dot (5th Generation), Glacier White + Portable Battery Base, White","https://m.media-amazon.com/images/I/61T6exk96vL._AC_UL320_.jpg","https://www.amazon.co.uk/dp/B0BMB6NSYB","4.7","15308","53.98","False","0","Hi-Fi Speakers"
"B08N3YCTK7","60W (80W Peak) Portable Bluetooth speaker with Double Subwoofer Heavy Bass, Bluetooth 5.0 Wireless 100ft Outdoor Speaker, Support FM Radio, LED Colorful Lights, Stereo Sound, for Home, Party, Travel","https://m.media-amazon.com/images/I/716Ap-eCdtL._AC_UL320_.jpg","https://www.amazon.co.uk/dp/B08N3YCTK7","4.2","410","55.98","False","0","Hi-Fi Speakers"
"B092GBHWVM","vmai Soundbar, Sound Bars for TV, 36 Inch 2.0 Sound Bar for TV, 60W Wired & Wireless Bluetooth 5.0, HDMI/Optical/Aux/USB. Wall Mountable Surround Sound System for Home Theater","https://m.media-amazon.com/images/I/61FGYUFtRxL._AC_UL320_.jpg","https://www.amazon.co.uk/dp/B092GBHWVM","4.4","267","49.99","False","0","Hi-Fi Speakers"
"B0BN1YBPGK","Groov-e Sounbar 50 - All-in-one Sound Bar with Bluetooth, Optical, USB, Coaxial & AUX Playback - Speaker with 50W Power & Super Bass - Button & Remote Control - Wall Mount Kit Included - Black","https://m.media-amazon.com/images/I/610k8Zs1gYL._AC_UL320_.jpg","https://www.amazon.co.uk/dp/B0BN1YBPGK","4.2","207","39.99","False","0","Hi-Fi Speakers"
"B096TJ6FXD","HEYSONG Shower Speaker, Waterpoof Portable Bluetooth Speakers Wireless with LED Lights, IP67, 36H Playtime, Rich Bass Small Speaker Bluetooth for Camping, Kayak, Beach, Bathroom, Travel, Gifts for Men","https://m.media-amazon.com/images/I/71UkJMeYE8L._AC_UL320_.jpg","https://www.amazon.co.uk/dp/B096TJ6FXD","4.3","1279","21.99","False","100","Hi-Fi Speakers"
"B09NCDFTYK","JBL Flip 6 Portable Bluetooth Speaker with 2-way speaker system and powerful JBL Original Pro Sound, up to 12 hours of playtime, in teal","https://m.media-amazon.com/images/I/71U3CX85UQL._AC_UL320_.jpg","https://www.amazon.co.uk/dp/B09NCDFTYK","4.7","8700","98.95","False","0","Hi-Fi Speakers"
"B08P232RTS","TENMIYA Bluetooth Speakers, 60W Portable Wireless Speaker with Lights, Microphone, Double Subwoofer Heavy Bass, FM Radio, Remote, Rich Stereo, Loud Speaker for Home Party","https://m.media-amazon.com/images/I/81U8q3f95tL._AC_UL320_.jpg","https://www.amazon.co.uk/dp/B08P232RTS","4.2","2991","63.99","False","0","Hi-Fi Speakers"
"B09LN6F5WX","Echo Show 15 + Made for Amazon Tilt Stand for Echo Show 15","https://m.media-amazon.com/images/I/51unz0lvLZL._AC_UL320_.jpg","https://www.amazon.co.uk/dp/B09LN6F5WX","4.4","2616","230.98","False","0","Hi-Fi Speakers"